Page,Name,SW1,SW2,SW3,SW4,SW5,SW6,SW7,SW8,SW9,SW10,SW11,SW12,SW13,SW14,SW15,SW16
0,QWERTY 1,q,w,e,r,t,y,u,i,o,p,a,s,d,f,CONTROL,g
1,QWERTY 2,h,j,k,l,z,x,c,v,b,n,m,SPACE,BACKSPACE,ENTER,CONTROL,TAB
2,Digits,1,2,3,4,5,6,7,8,9,0,-,=,",",.,CONTROL,/
3,Common symbols,!,@,#,$,%,^,&,*,(,),_,+,?,:,CONTROL,;
4,More symbols,[,],{,},\,|,~,<,>,"""",',`,A,ESCAPE,CONTROL,DELETE
5,Latin 1 1,¡ U+00A1,¢ U+00A2,£ U+00A3,¤ U+00A4,¥ U+00A5,¦ U+00A6,§ U+00A7,¨ U+00A8,© U+00A9,ª U+00AA,« U+00AB,¬ U+00AC,® U+00AE,¯ U+00AF,CONTROL,° U+00B0
6,Latin 1 2,± U+00B1,² U+00B2,³ U+00B3,´ U+00B4,µ U+00B5,¶ U+00B6,· U+00B7,¸ U+00B8,¹ U+00B9,º U+00BA,» U+00BB,¼ U+00BC,½ U+00BD,¾ U+00BE,CONTROL,¿ U+00BF
7,Latin 1 3,À U+00C0,Á U+00C1,Â U+00C2,Ã U+00C3,Ä U+00C4,Å U+00C5,Æ U+00C6,Ç U+00C7,È U+00C8,É U+00C9,Ê U+00CA,Ë U+00CB,Ì U+00CC,Í U+00CD,CONTROL,Î U+00CE
8,Latin Extended A 1,Ā U+0100,ā U+0101,Ă U+0102,ă U+0103,Ą U+0104,ą U+0105,Ć U+0106,ć U+0107,Ĉ U+0108,ĉ U+0109,Ċ U+010A,ċ U+010B,Č U+010C,č U+010D,CONTROL,Ď U+010E
9,Latin Extended A 2,ď U+010F,Đ U+0110,đ U+0111,Ē U+0112,ē U+0113,Ĕ U+0114,ĕ U+0115,Ė U+0116,ė U+0117,Ę U+0118,ę U+0119,Ě U+011A,ě U+011B,Ĝ U+011C,CONTROL,ĝ U+011D
10,Latin Extended A 3,Ğ U+011E,ğ U+011F,Ġ U+0120,ġ U+0121,Ģ U+0122,ģ U+0123,Ĥ U+0124,ĥ U+0125,Ħ U+0126,ħ U+0127,Ĩ U+0128,ĩ U+0129,Ī U+012A,ī U+012B,CONTROL,Ĭ U+012C
11,Latin Extended A 4,ĭ U+012D,Į U+012E,į U+012F,İ U+0130,ı U+0131,Ĳ U+0132,ĳ U+0133,Ĵ U+0134,ĵ U+0135,Ķ U+0136,ķ U+0137,ĸ U+0138,Ĺ U+0139,ĺ U+013A,CONTROL,Ļ U+013B
12,Latin Extended A 5,ļ U+013C,Ľ U+013D,ľ U+013E,Ŀ U+013F,ŀ U+0140,Ł U+0141,ł U+0142,Ń U+0143,ń U+0144,Ņ U+0145,ņ U+0146,Ň U+0147,ň U+0148,ŉ U+0149,CONTROL,Ŋ U+014A
13,Latin Extended B 1,ƀ U+0180,Ɓ U+0181,Ƃ U+0182,ƃ U+0183,Ƅ U+0184,ƅ U+0185,Ɔ U+0186,Ƈ U+0187,ƈ U+0188,Ɖ U+0189,Ɗ U+018A,Ƌ U+018B,ƌ U+018C,ƍ U+018D,CONTROL,Ǝ U+018E
14,Latin Extended B 2,Ə U+018F,Ɛ U+0190,Ƒ U+0191,ƒ U+0192,Ɠ U+0193,Ɣ U+0194,ƕ U+0195,Ɩ U+0196,Ɨ U+0197,Ƙ U+0198,ƙ U+0199,ƚ U+019A,ƛ U+019B,Ɯ U+019C,CONTROL,Ɲ U+019D
15,Latin Extended B 3,ƞ U+019E,Ɵ U+019F,Ơ U+01A0,ơ U+01A1,Ƣ U+01A2,ƣ U+01A3,Ƥ U+01A4,ƥ U+01A5,Ʀ U+01A6,Ƨ U+01A7,ƨ U+01A8,Ʃ U+01A9,ƪ U+01AA,ƫ U+01AB,CONTROL,Ƭ U+01AC
16,Latin Extended B 4,ƭ U+01AD,Ʈ U+01AE,Ư U+01AF,ư U+01B0,Ʊ U+01B1,Ʋ U+01B2,Ƴ U+01B3,ƴ U+01B4,Ƶ U+01B5,ƶ U+01B6,Ʒ U+01B7,Ƹ U+01B8,ƹ U+01B9,ƺ U+01BA,CONTROL,ƻ U+01BB
17,IPA 1,ɐ U+0250,ɑ U+0251,ɒ U+0252,ɓ U+0253,ɔ U+0254,ɕ U+0255,ɖ U+0256,ɗ U+0257,ɘ U+0258,ə U+0259,ɚ U+025A,ɛ U+025B,ɜ U+025C,ɝ U+025D,CONTROL,ɞ U+025E
18,IPA 2,ɟ U+025F,ɠ U+0260,ɡ U+0261,ɢ U+0262,ɣ U+0263,ɤ U+0264,ɥ U+0265,ɦ U+0266,ɧ U+0267,ɨ U+0268,ɩ U+0269,ɪ U+026A,ɫ U+026B,ɬ U+026C,CONTROL,ɭ U+026D
19,Greek 1,Ͱ U+0370,ͱ U+0371,Ͳ U+0372,ͳ U+0373,ʹ U+0374,͵ U+0375,Ͷ U+0376,ͷ U+0377,ͺ U+037A,ͻ U+037B,ͼ U+037C,ͽ U+037D,; U+037E,Ϳ U+037F,CONTROL,΄ U+0384
20,Greek 2,΅ U+0385,Ά U+0386,· U+0387,Έ U+0388,Ή U+0389,Ί U+038A,Ό U+038C,Ύ U+038E,Ώ U+038F,ΐ U+0390,Α U+0391,Β U+0392,Γ U+0393,Δ U+0394,CONTROL,Ε U+0395
21,Greek 3,Ζ U+0396,Η U+0397,Θ U+0398,Ι U+0399,Κ U+039A,Λ U+039B,Μ U+039C,Ν U+039D,Ξ U+039E,Ο U+039F,Π U+03A0,Ρ U+03A1,Σ U+03A3,Τ U+03A4,CONTROL,Υ U+03A5
22,Greek 4,Φ U+03A6,Χ U+03A7,Ψ U+03A8,Ω U+03A9,Ϊ U+03AA,Ϋ U+03AB,ά U+03AC,έ U+03AD,ή U+03AE,ί U+03AF,ΰ U+03B0,α U+03B1,β U+03B2,γ U+03B3,CONTROL,δ U+03B4
23,Cyrillic 1,Ѐ U+0400,Ё U+0401,Ђ U+0402,Ѓ U+0403,Є U+0404,Ѕ U+0405,І U+0406,Ї U+0407,Ј U+0408,Љ U+0409,Њ U+040A,Ћ U+040B,Ќ U+040C,Ѝ U+040D,CONTROL,Ў U+040E
24,Cyrillic 2,Џ U+040F,А U+0410,Б U+0411,В U+0412,Г U+0413,Д U+0414,Е U+0415,Ж U+0416,З U+0417,И U+0418,Й U+0419,К U+041A,Л U+041B,М U+041C,CONTROL,Н U+041D
25,Cyrillic 3,О U+041E,П U+041F,Р U+0420,С U+0421,Т U+0422,У U+0423,Ф U+0424,Х U+0425,Ц U+0426,Ч U+0427,Ш U+0428,Щ U+0429,Ъ U+042A,Ы U+042B,CONTROL,Ь U+042C
26,Cyrillic 4,Э U+042D,Ю U+042E,Я U+042F,а U+0430,б U+0431,в U+0432,г U+0433,д U+0434,е U+0435,ж U+0436,з U+0437,и U+0438,й U+0439,к U+043A,CONTROL,л U+043B
27,Cyrillic 5,м U+043C,н U+043D,о U+043E,п U+043F,р U+0440,с U+0441,т U+0442,у U+0443,ф U+0444,х U+0445,ц U+0446,ч U+0447,ш U+0448,щ U+0449,CONTROL,ъ U+044A
28,Armenian 1,Ա U+0531,Բ U+0532,Գ U+0533,Դ U+0534,Ե U+0535,Զ U+0536,Է U+0537,Ը U+0538,Թ U+0539,Ժ U+053A,Ի U+053B,Լ U+053C,Խ U+053D,Ծ U+053E,CONTROL,Կ U+053F
29,Armenian 2,Հ U+0540,Ձ U+0541,Ղ U+0542,Ճ U+0543,Մ U+0544,Յ U+0545,Ն U+0546,Շ U+0547,Ո U+0548,Չ U+0549,Պ U+054A,Ջ U+054B,Ռ U+054C,Ս U+054D,CONTROL,Վ U+054E
30,Hebrew 1,־ U+05BE,׀ U+05C0,׃ U+05C3,׆ U+05C6,א U+05D0,ב U+05D1,ג U+05D2,ד U+05D3,ה U+05D4,ו U+05D5,ז U+05D6,ח U+05D7,ט U+05D8,י U+05D9,CONTROL,ך U+05DA
31,Hebrew 2,כ U+05DB,ל U+05DC,ם U+05DD,מ U+05DE,ן U+05DF,נ U+05E0,ס U+05E1,ע U+05E2,ף U+05E3,פ U+05E4,ץ U+05E5,צ U+05E6,ק U+05E7,ר U+05E8,CONTROL,ש U+05E9
32,Arabic 1,؆ U+0606,؇ U+0607,؈ U+0608,؉ U+0609,؊ U+060A,؋ U+060B,، U+060C,؍ U+060D,؎ U+060E,؏ U+060F,؛ U+061B,؝ U+061D,؞ U+061E,؟ U+061F,CONTROL,ؠ U+0620
33,Arabic 2,ء U+0621,آ U+0622,أ U+0623,ؤ U+0624,إ U+0625,ئ U+0626,ا U+0627,ب U+0628,ة U+0629,ت U+062A,ث U+062B,ج U+062C,ح U+062D,خ U+062E,CONTROL,د U+062F
34,Arabic 3,ذ U+0630,ر U+0631,ز U+0632,س U+0633,ش U+0634,ص U+0635,ض U+0636,ط U+0637,ظ U+0638,ع U+0639,غ U+063A,ػ U+063B,ؼ U+063C,ؽ U+063D,CONTROL,ؾ U+063E
35,Devanagari 1,ऄ U+0904,अ U+0905,आ U+0906,इ U+0907,ई U+0908,उ U+0909,ऊ U+090A,ऋ U+090B,ऌ U+090C,ऍ U+090D,ऎ U+090E,ए U+090F,ऐ U+0910,ऑ U+0911,CONTROL,ऒ U+0912
36,Devanagari 2,ओ U+0913,औ U+0914,क U+0915,ख U+0916,ग U+0917,घ U+0918,ङ U+0919,च U+091A,छ U+091B,ज U+091C,झ U+091D,ञ U+091E,ट U+091F,ठ U+0920,CONTROL,ड U+0921
37,Bengali 1,ঀ U+0980,অ U+0985,আ U+0986,ই U+0987,ঈ U+0988,উ U+0989,ঊ U+098A,ঋ U+098B,ঌ U+098C,এ U+098F,ঐ U+0990,ও U+0993,ঔ U+0994,ক U+0995,CONTROL,খ U+0996
38,Tamil 1,ஃ U+0B83,அ U+0B85,ஆ U+0B86,இ U+0B87,ஈ U+0B88,உ U+0B89,ஊ U+0B8A,எ U+0B8E,ஏ U+0B8F,ஐ U+0B90,ஒ U+0B92,ஓ U+0B93,ஔ U+0B94,க U+0B95,CONTROL,ங U+0B99
39,Thai 1,ก U+0E01,ข U+0E02,ฃ U+0E03,ค U+0E04,ฅ U+0E05,ฆ U+0E06,ง U+0E07,จ U+0E08,ฉ U+0E09,ช U+0E0A,ซ U+0E0B,ฌ U+0E0C,ญ U+0E0D,ฎ U+0E0E,CONTROL,ฏ U+0E0F
40,Thai 2,ฐ U+0E10,ฑ U+0E11,ฒ U+0E12,ณ U+0E13,ด U+0E14,ต U+0E15,ถ U+0E16,ท U+0E17,ธ U+0E18,น U+0E19,บ U+0E1A,ป U+0E1B,ผ U+0E1C,ฝ U+0E1D,CONTROL,พ U+0E1E
41,Georgian 1,Ⴀ U+10A0,Ⴁ U+10A1,Ⴂ U+10A2,Ⴃ U+10A3,Ⴄ U+10A4,Ⴅ U+10A5,Ⴆ U+10A6,Ⴇ U+10A7,Ⴈ U+10A8,Ⴉ U+10A9,Ⴊ U+10AA,Ⴋ U+10AB,Ⴌ U+10AC,Ⴍ U+10AD,CONTROL,Ⴎ U+10AE
42,Georgian 2,Ⴏ U+10AF,Ⴐ U+10B0,Ⴑ U+10B1,Ⴒ U+10B2,Ⴓ U+10B3,Ⴔ U+10B4,Ⴕ U+10B5,Ⴖ U+10B6,Ⴗ U+10B7,Ⴘ U+10B8,Ⴙ U+10B9,Ⴚ U+10BA,Ⴛ U+10BB,Ⴜ U+10BC,CONTROL,Ⴝ U+10BD
43,Ethiopic 1,ሀ U+1200,ሁ U+1201,ሂ U+1202,ሃ U+1203,ሄ U+1204,ህ U+1205,ሆ U+1206,ሇ U+1207,ለ U+1208,ሉ U+1209,ሊ U+120A,ላ U+120B,ሌ U+120C,ል U+120D,CONTROL,ሎ U+120E
44,Ethiopic 2,ሏ U+120F,ሐ U+1210,ሑ U+1211,ሒ U+1212,ሓ U+1213,ሔ U+1214,ሕ U+1215,ሖ U+1216,ሗ U+1217,መ U+1218,ሙ U+1219,ሚ U+121A,ማ U+121B,ሜ U+121C,CONTROL,ም U+121D
45,Ethiopic 3,ሞ U+121E,ሟ U+121F,ሠ U+1220,ሡ U+1221,ሢ U+1222,ሣ U+1223,ሤ U+1224,ሥ U+1225,ሦ U+1226,ሧ U+1227,ረ U+1228,ሩ U+1229,ሪ U+122A,ራ U+122B,CONTROL,ሬ U+122C
46,Ethiopic 4,ር U+122D,ሮ U+122E,ሯ U+122F,ሰ U+1230,ሱ U+1231,ሲ U+1232,ሳ U+1233,ሴ U+1234,ስ U+1235,ሶ U+1236,ሷ U+1237,ሸ U+1238,ሹ U+1239,ሺ U+123A,CONTROL,ሻ U+123B
47,Cherokee 1,Ꭰ U+13A0,Ꭱ U+13A1,Ꭲ U+13A2,Ꭳ U+13A3,Ꭴ U+13A4,Ꭵ U+13A5,Ꭶ U+13A6,Ꭷ U+13A7,Ꭸ U+13A8,Ꭹ U+13A9,Ꭺ U+13AA,Ꭻ U+13AB,Ꭼ U+13AC,Ꭽ U+13AD,CONTROL,Ꭾ U+13AE
48,Cherokee 2,Ꭿ U+13AF,Ꮀ U+13B0,Ꮁ U+13B1,Ꮂ U+13B2,Ꮃ U+13B3,Ꮄ U+13B4,Ꮅ U+13B5,Ꮆ U+13B6,Ꮇ U+13B7,Ꮈ U+13B8,Ꮉ U+13B9,Ꮊ U+13BA,Ꮋ U+13BB,Ꮌ U+13BC,CONTROL,Ꮍ U+13BD
49,Canadian syllabics 1,᐀ U+1400,ᐁ U+1401,ᐂ U+1402,ᐃ U+1403,ᐄ U+1404,ᐅ U+1405,ᐆ U+1406,ᐇ U+1407,ᐈ U+1408,ᐉ U+1409,ᐊ U+140A,ᐋ U+140B,ᐌ U+140C,ᐍ U+140D,CONTROL,ᐎ U+140E
50,Canadian syllabics 2,ᐏ U+140F,ᐐ U+1410,ᐑ U+1411,ᐒ U+1412,ᐓ U+1413,ᐔ U+1414,ᐕ U+1415,ᐖ U+1416,ᐗ U+1417,ᐘ U+1418,ᐙ U+1419,ᐚ U+141A,ᐛ U+141B,ᐜ U+141C,CONTROL,ᐝ U+141D
51,Canadian syllabics 3,ᐞ U+141E,ᐟ U+141F,ᐠ U+1420,ᐡ U+1421,ᐢ U+1422,ᐣ U+1423,ᐤ U+1424,ᐥ U+1425,ᐦ U+1426,ᐧ U+1427,ᐨ U+1428,ᐩ U+1429,ᐪ U+142A,ᐫ U+142B,CONTROL,ᐬ U+142C
52,Runic 1,ᚠ U+16A0,ᚡ U+16A1,ᚢ U+16A2,ᚣ U+16A3,ᚤ U+16A4,ᚥ U+16A5,ᚦ U+16A6,ᚧ U+16A7,ᚨ U+16A8,ᚩ U+16A9,ᚪ U+16AA,ᚫ U+16AB,ᚬ U+16AC,ᚭ U+16AD,CONTROL,ᚮ U+16AE
53,Runic 2,ᚯ U+16AF,ᚰ U+16B0,ᚱ U+16B1,ᚲ U+16B2,ᚳ U+16B3,ᚴ U+16B4,ᚵ U+16B5,ᚶ U+16B6,ᚷ U+16B7,ᚸ U+16B8,ᚹ U+16B9,ᚺ U+16BA,ᚻ U+16BB,ᚼ U+16BC,CONTROL,ᚽ U+16BD
54,Hiragana 1,ぁ U+3041,あ U+3042,ぃ U+3043,い U+3044,ぅ U+3045,う U+3046,ぇ U+3047,え U+3048,ぉ U+3049,お U+304A,か U+304B,が U+304C,き U+304D,ぎ U+304E,CONTROL,く U+304F
55,Hiragana 2,ぐ U+3050,け U+3051,げ U+3052,こ U+3053,ご U+3054,さ U+3055,ざ U+3056,し U+3057,じ U+3058,す U+3059,ず U+305A,せ U+305B,ぜ U+305C,そ U+305D,CONTROL,ぞ U+305E
56,Katakana 1,゠ U+30A0,ァ U+30A1,ア U+30A2,ィ U+30A3,イ U+30A4,ゥ U+30A5,ウ U+30A6,ェ U+30A7,エ U+30A8,ォ U+30A9,オ U+30AA,カ U+30AB,ガ U+30AC,キ U+30AD,CONTROL,ギ U+30AE
57,Katakana 2,ク U+30AF,グ U+30B0,ケ U+30B1,ゲ U+30B2,コ U+30B3,ゴ U+30B4,サ U+30B5,ザ U+30B6,シ U+30B7,ジ U+30B8,ス U+30B9,ズ U+30BA,セ U+30BB,ゼ U+30BC,CONTROL,ソ U+30BD
58,CJK 1,一 U+4E00,丁 U+4E01,丂 U+4E02,七 U+4E03,丄 U+4E04,丅 U+4E05,丆 U+4E06,万 U+4E07,丈 U+4E08,三 U+4E09,上 U+4E0A,下 U+4E0B,丌 U+4E0C,不 U+4E0D,CONTROL,与 U+4E0E
59,CJK 2,丏 U+4E0F,丐 U+4E10,丑 U+4E11,丒 U+4E12,专 U+4E13,且 U+4E14,丕 U+4E15,世 U+4E16,丗 U+4E17,丘 U+4E18,丙 U+4E19,业 U+4E1A,丛 U+4E1B,东 U+4E1C,CONTROL,丝 U+4E1D
60,CJK 3,丞 U+4E1E,丟 U+4E1F,丠 U+4E20,両 U+4E21,丢 U+4E22,丣 U+4E23,两 U+4E24,严 U+4E25,並 U+4E26,丧 U+4E27,丨 U+4E28,丩 U+4E29,个 U+4E2A,丫 U+4E2B,CONTROL,丬 U+4E2C
61,Arrows 1,← U+2190,↑ U+2191,→ U+2192,↓ U+2193,↔ U+2194,↕ U+2195,↖ U+2196,↗ U+2197,↘ U+2198,↙ U+2199,↚ U+219A,↛ U+219B,↜ U+219C,↝ U+219D,CONTROL,↞ U+219E
62,Arrows 2,↟ U+219F,↠ U+21A0,↡ U+21A1,↢ U+21A2,↣ U+21A3,↤ U+21A4,↥ U+21A5,↦ U+21A6,↧ U+21A7,↨ U+21A8,↩ U+21A9,↪ U+21AA,↫ U+21AB,↬ U+21AC,CONTROL,↭ U+21AD
63,Math 1,∀ U+2200,∁ U+2201,∂ U+2202,∃ U+2203,∄ U+2204,∅ U+2205,∆ U+2206,∇ U+2207,∈ U+2208,∉ U+2209,∊ U+220A,∋ U+220B,∌ U+220C,∍ U+220D,CONTROL,∎ U+220E
64,Math 2,∏ U+220F,∐ U+2210,∑ U+2211,− U+2212,∓ U+2213,∔ U+2214,∕ U+2215,∖ U+2216,∗ U+2217,∘ U+2218,∙ U+2219,√ U+221A,∛ U+221B,∜ U+221C,CONTROL,∝ U+221D
65,Math 3,∞ U+221E,∟ U+221F,∠ U+2220,∡ U+2221,∢ U+2222,∣ U+2223,∤ U+2224,∥ U+2225,∦ U+2226,∧ U+2227,∨ U+2228,∩ U+2229,∪ U+222A,∫ U+222B,CONTROL,∬ U+222C
66,Technical 1,⌀ U+2300,⌁ U+2301,⌂ U+2302,⌃ U+2303,⌄ U+2304,⌅ U+2305,⌆ U+2306,⌇ U+2307,⌈ U+2308,⌉ U+2309,⌊ U+230A,⌋ U+230B,⌌ U+230C,⌍ U+230D,CONTROL,⌎ U+230E
67,Technical 2,⌏ U+230F,⌐ U+2310,⌑ U+2311,⌒ U+2312,⌓ U+2313,⌔ U+2314,⌕ U+2315,⌖ U+2316,⌗ U+2317,⌘ U+2318,⌙ U+2319,⌚ U+231A,⌛ U+231B,⌜ U+231C,CONTROL,⌝ U+231D
68,Box drawing 1,─ U+2500,━ U+2501,│ U+2502,┃ U+2503,┄ U+2504,┅ U+2505,┆ U+2506,┇ U+2507,┈ U+2508,┉ U+2509,┊ U+250A,┋ U+250B,┌ U+250C,┍ U+250D,CONTROL,┎ U+250E
69,Box drawing 2,┏ U+250F,┐ U+2510,┑ U+2511,┒ U+2512,┓ U+2513,└ U+2514,┕ U+2515,┖ U+2516,┗ U+2517,┘ U+2518,┙ U+2519,┚ U+251A,┛ U+251B,├ U+251C,CONTROL,┝ U+251D
70,Geometric 1,■ U+25A0,□ U+25A1,▢ U+25A2,▣ U+25A3,▤ U+25A4,▥ U+25A5,▦ U+25A6,▧ U+25A7,▨ U+25A8,▩ U+25A9,▪ U+25AA,▫ U+25AB,▬ U+25AC,▭ U+25AD,CONTROL,▮ U+25AE
71,Geometric 2,▯ U+25AF,▰ U+25B0,▱ U+25B1,▲ U+25B2,△ U+25B3,▴ U+25B4,▵ U+25B5,▶ U+25B6,▷ U+25B7,▸ U+25B8,▹ U+25B9,► U+25BA,▻ U+25BB,▼ U+25BC,CONTROL,▽ U+25BD
72,Misc signs 1,☀ U+2600,☁ U+2601,☂ U+2602,☃ U+2603,☄ U+2604,★ U+2605,☆ U+2606,☇ U+2607,☈ U+2608,☉ U+2609,☊ U+260A,☋ U+260B,☌ U+260C,☍ U+260D,CONTROL,☎ U+260E
73,Misc signs 2,☏ U+260F,☐ U+2610,☑ U+2611,☒ U+2612,☓ U+2613,☔ U+2614,☕ U+2615,☖ U+2616,☗ U+2617,☘ U+2618,☙ U+2619,☚ U+261A,☛ U+261B,☜ U+261C,CONTROL,☝ U+261D
74,Misc signs 3,☞ U+261E,☟ U+261F,☠ U+2620,☡ U+2621,☢ U+2622,☣ U+2623,☤ U+2624,☥ U+2625,☦ U+2626,☧ U+2627,☨ U+2628,☩ U+2629,☪ U+262A,☫ U+262B,CONTROL,☬ U+262C
75,Dingbats 1,✀ U+2700,✁ U+2701,✂ U+2702,✃ U+2703,✄ U+2704,✅ U+2705,✆ U+2706,✇ U+2707,✈ U+2708,✉ U+2709,✊ U+270A,✋ U+270B,✌ U+270C,✍ U+270D,CONTROL,✎ U+270E
76,Dingbats 2,✏ U+270F,✐ U+2710,✑ U+2711,✒ U+2712,✓ U+2713,✔ U+2714,✕ U+2715,✖ U+2716,✗ U+2717,✘ U+2718,✙ U+2719,✚ U+271A,✛ U+271B,✜ U+271C,CONTROL,✝ U+271D
77,Braille 1,⠀ U+2800,⠁ U+2801,⠂ U+2802,⠃ U+2803,⠄ U+2804,⠅ U+2805,⠆ U+2806,⠇ U+2807,⠈ U+2808,⠉ U+2809,⠊ U+280A,⠋ U+280B,⠌ U+280C,⠍ U+280D,CONTROL,⠎ U+280E
78,Braille 2,⠏ U+280F,⠐ U+2810,⠑ U+2811,⠒ U+2812,⠓ U+2813,⠔ U+2814,⠕ U+2815,⠖ U+2816,⠗ U+2817,⠘ U+2818,⠙ U+2819,⠚ U+281A,⠛ U+281B,⠜ U+281C,CONTROL,⠝ U+281D
79,Braille 3,⠞ U+281E,⠟ U+281F,⠠ U+2820,⠡ U+2821,⠢ U+2822,⠣ U+2823,⠤ U+2824,⠥ U+2825,⠦ U+2826,⠧ U+2827,⠨ U+2828,⠩ U+2829,⠪ U+282A,⠫ U+282B,CONTROL,⠬ U+282C
